<?xml version="1.0" encoding="UTF-8"?>
<project-private xmlns="http://www.netbeans.org/ns/project-private/1">
    <editor-bookmarks xmlns="http://www.netbeans.org/ns/editor-bookmarks/2" lastBookmarkId="0"/>
    <open-files xmlns="http://www.netbeans.org/ns/projectui-open-files/2">
        <group>
            <file>file:/D:/Data_Pribadi/Ipenk/Java/Porject%20Netbeans/inventory_barang/Project/Project%20UTS/src/inventory_barang/Inventory_Barang.java</file>
            <file>file:/D:/Data_Pribadi/Ipenk/Java/Porject%20Netbeans/inventory_barang/Project/Project%20UTS/src/inventory_barang/Login.java</file>
        </group>
    </open-files>
</project-private>
